fare,distance_km,trip_duration_min,num_stops,traffic_level,luggage_items,major_road,peak_hour,rainy,market_day,ac_vehicle,safe_route,vehicle_type
53.0,17.14,42.4,3,3,1,yes,no,no,no,no,yes,chartered
35.5,9.94,30.3,4,3,1,no,yes,no,no,no,no,chartered
54.0,18.96,53.7,0,5,2,no,yes,no,yes,no,yes,shared
51.0,15.49,35.1,3,2,0,yes,no,no,no,no,yes,chartered
21.5,2.52,13.6,3,2,0,yes,yes,yes,yes,no,yes,shared
69.5,21.48,51.8,2,1,0,yes,no,no,no,yes,yes,chartered
70.5,16.86,44.9,0,5,0,yes,no,yes,no,no,yes,private
64.0,17.4,49.8,1,4,0,yes,no,no,no,no,no,private
28.0,3.25,14.1,3,1,0,no,yes,no,no,no,no,chartered
40.0,10.18,35.6,1,3,0,no,no,no,no,no,no,chartered
48.0,8.47,31.7,2,3,3,yes,no,yes,no,no,yes,chartered
58.0,20.43,54.1,2,3,0,yes,no,no,no,no,yes,shared
49.5,14.34,43.2,6,5,1,yes,yes,no,no,no,yes,shared
52.5,18.19,38.7,6,1,2,yes,no,no,yes,no,yes,shared
31.0,10.03,29.4,2,2,1,no,yes,no,no,no,yes,shared
37.5,5.39,16.4,1,1,3,yes,no,no,yes,no,no,private
54.0,12.42,38.5,0,2,0,yes,yes,no,no,yes,no,private
24.0,1.87,23.5,4,5,0,yes,no,yes,yes,no,yes,shared
52.0,18.29,54.7,1,5,0,yes,yes,no,yes,no,yes,shared
48.5,14.08,29.0,2,1,1,yes,no,yes,no,no,yes,chartered
47.5,16.8,47.7,3,4,1,no,yes,no,yes,yes,yes,shared
44.0,8.12,24.7,1,2,3,no,no,yes,no,no,yes,chartered
67.0,21.37,49.2,1,1,0,yes,no,no,no,no,yes,private
52.0,19.7,47.0,3,2,0,no,no,no,yes,no,yes,shared
56.5,17.24,41.9,5,1,3,yes,yes,no,yes,no,yes,shared
23.0,4.68,17.3,1,3,1,no,yes,yes,no,no,no,shared
48.0,10.53,35.7,4,5,2,yes,yes,yes,yes,no,yes,shared
12.0,1.44,13.4,3,3,1,yes,no,no,yes,no,yes,shared
31.0,3.82,18.8,2,4,1,no,no,no,yes,yes,yes,shared
50.0,15.19,43.4,2,3,0,yes,yes,yes,no,no,yes,shared
42.5,16.51,40.4,2,1,2,yes,no,no,no,no,no,shared
58.5,21.3,45.3,3,1,0,yes,yes,no,yes,no,no,shared
34.0,7.51,20.6,1,2,3,yes,no,no,no,yes,no,chartered
23.5,8.46,30.4,1,2,0,yes,no,no,no,no,no,shared
59.5,10.6,33.7,1,5,1,yes,no,yes,yes,no,yes,private
17.0,4.57,16.6,4,5,0,no,no,yes,no,no,yes,shared
25.0,3.29,14.8,4,5,1,yes,no,no,no,yes,yes,shared
39.0,10.73,35.7,3,4,1,yes,no,yes,no,no,yes,shared
40.0,5.38,21.0,3,3,3,yes,yes,no,no,no,no,chartered
39.0,14.9,44.3,4,4,2,no,no,no,no,no,yes,shared
37.0,9.9,35.6,1,3,0,yes,no,no,yes,no,yes,shared
45.5,18.4,41.8,1,4,0,yes,no,no,no,no,yes,shared
64.5,15.56,47.8,3,4,3,yes,yes,no,no,no,yes,private
23.5,7.22,34.1,2,4,1,no,yes,no,no,no,no,shared
46.5,18.39,47.9,3,4,0,no,no,no,yes,no,yes,shared
63.0,17.8,40.6,1,1,2,yes,no,no,no,no,yes,private
27.0,8.83,28.4,2,4,1,no,no,no,yes,no,yes,shared
21.5,6.7,17.2,1,2,0,yes,no,no,no,no,no,shared
53.5,15.17,44.1,0,4,2,yes,no,yes,no,no,yes,chartered
15.5,3.5,22.4,2,3,1,yes,yes,no,no,no,no,shared
25.0,4.8,32.9,4,5,1,yes,no,no,yes,no,yes,shared
15.0,0.66,6.1,2,2,3,yes,yes,no,no,no,yes,shared
55.0,17.42,60.9,1,5,1,yes,yes,yes,yes,no,no,shared
64.5,14.79,47.7,1,5,1,yes,yes,no,yes,no,yes,private
54.5,15.66,47.5,2,2,1,yes,no,no,no,no,yes,chartered
56.0,17.29,46.7,0,3,0,yes,no,no,no,no,no,chartered
28.5,10.37,32.3,1,3,0,no,no,no,no,no,yes,shared
51.0,12.73,41.5,1,4,2,no,no,yes,no,yes,yes,chartered
31.5,3.51,32.4,6,4,0,yes,no,no,yes,no,no,chartered
23.5,2.96,24.9,4,5,1,yes,no,no,yes,no,yes,shared
50.0,14.87,35.9,0,2,0,yes,no,no,no,no,yes,private
39.0,10.63,36.3,2,3,0,yes,no,no,no,no,yes,chartered
43.0,12.65,35.4,3,3,1,yes,no,no,no,no,no,chartered
51.5,16.95,50.3,4,5,2,yes,no,no,yes,no,yes,shared
39.0,14.15,40.8,2,2,1,no,no,yes,no,no,yes,shared
46.0,12.4,36.4,3,3,0,yes,no,no,no,no,no,chartered
41.5,12.52,31.7,2,1,0,yes,no,yes,yes,no,no,chartered
21.5,7.03,30.5,1,5,0,yes,no,no,yes,no,no,shared
14.5,1.16,9.9,4,2,3,no,yes,no,no,no,yes,shared
42.0,9.89,29.5,2,2,0,yes,no,no,no,yes,yes,chartered
12.5,5.11,12.5,1,3,0,no,no,no,no,no,yes,shared
25.5,9.28,32.1,2,3,0,yes,no,no,no,no,no,shared
63.0,18.85,52.5,2,5,1,yes,no,yes,no,no,yes,chartered
27.5,5.53,15.4,2,3,3,yes,yes,yes,yes,no,no,shared
17.0,1.75,12.6,4,3,0,yes,no,yes,no,no,yes,shared
20.5,6.55,17.7,0,1,1,no,yes,no,yes,no,no,shared
40.0,6.81,15.2,2,1,0,yes,no,no,no,no,no,private
48.0,14.73,41.7,1,2,0,no,yes,no,yes,yes,yes,shared
44.0,12.48,37.1,1,5,2,yes,no,no,no,no,no,chartered
62.0,17.35,51.5,2,5,0,no,no,no,no,no,no,private
54.5,14.78,42.2,1,4,1,no,no,no,no,yes,yes,chartered
39.5,9.24,32.1,3,4,0,yes,yes,yes,no,no,yes,shared
43.0,18.0,46.7,3,2,0,yes,no,no,no,no,no,shared
17.0,4.09,8.0,3,1,1,no,no,no,no,no,yes,shared
20.5,0.99,8.1,0,1,3,yes,no,no,no,no,yes,chartered
32.0,2.44,11.6,1,2,0,no,no,no,no,no,yes,private
56.5,16.03,33.7,1,2,2,yes,yes,no,no,no,no,chartered
30.0,10.43,18.1,4,1,1,yes,no,no,no,no,yes,shared
21.5,3.97,14.7,1,2,2,yes,yes,no,no,yes,no,shared
52.5,11.27,26.9,0,1,0,no,yes,no,no,yes,yes,private
19.5,3.77,19.9,2,4,3,no,no,no,no,no,yes,shared
57.0,15.47,48.9,2,5,0,yes,no,no,no,no,no,chartered
38.0,10.09,35.1,1,4,3,no,yes,no,yes,no,yes,shared
45.0,8.69,31.9,3,3,1,no,yes,no,yes,yes,yes,chartered
33.5,6.98,19.9,2,3,0,yes,yes,no,no,no,yes,chartered
39.5,14.05,32.2,3,2,0,yes,yes,yes,yes,no,no,shared
24.0,8.28,16.8,0,1,1,no,no,no,no,no,yes,shared
25.0,2.38,15.4,5,3,0,yes,yes,no,no,no,yes,chartered
23.0,3.04,20.7,3,3,1,yes,no,no,yes,no,yes,shared
49.5,21.18,47.9,0,1,2,no,yes,no,no,no,yes,shared
54.5,20.03,43.1,1,3,0,yes,yes,no,yes,no,yes,shared
45.0,15.54,33.4,2,2,0,no,no,yes,no,no,yes,shared
24.0,6.22,13.4,3,1,0,no,yes,no,no,no,yes,chartered
62.0,21.34,56.7,2,4,0,no,no,no,yes,no,yes,shared
46.5,17.24,45.3,6,3,0,yes,no,no,yes,no,no,shared
59.5,15.91,47.2,2,4,0,yes,no,no,no,no,no,private
34.0,10.16,33.1,2,4,1,yes,no,no,no,no,yes,shared
33.0,6.35,33.2,4,5,0,yes,yes,no,yes,no,yes,shared
31.0,2.57,17.9,3,5,2,no,no,yes,no,no,yes,chartered
73.5,19.91,52.4,1,4,2,yes,no,no,yes,no,no,private
46.5,10.3,39.6,2,5,2,yes,no,no,no,no,yes,chartered
42.0,4.85,13.5,1,3,1,yes,yes,no,yes,yes,yes,chartered
31.0,7.08,32.1,2,5,0,yes,no,yes,no,no,yes,shared
51.0,12.95,40.9,2,4,3,yes,yes,no,yes,no,yes,shared
41.5,4.3,20.9,3,4,0,yes,yes,no,no,no,yes,private
66.5,18.92,63.0,2,5,1,no,no,yes,no,no,yes,private
65.5,16.81,43.5,2,3,1,yes,yes,no,yes,no,no,chartered
44.5,15.97,55.4,0,4,2,no,yes,no,no,no,no,shared
37.0,9.79,26.6,5,2,1,no,yes,no,yes,no,no,shared
45.0,13.99,40.7,2,5,2,yes,no,no,no,yes,no,shared
63.0,13.06,41.0,4,4,3,no,yes,no,no,no,yes,private
50.0,14.47,39.5,4,4,0,yes,no,yes,no,no,no,chartered
23.5,2.32,11.1,1,3,3,yes,yes,yes,yes,no,no,shared
30.5,9.44,37.4,0,5,0,yes,no,no,yes,no,no,shared
23.5,1.39,8.3,0,1,3,yes,yes,no,yes,yes,no,shared
29.5,11.12,25.0,1,1,0,no,no,no,no,no,yes,shared
42.5,7.59,29.6,0,3,2,no,yes,no,yes,no,yes,chartered
24.5,3.61,24.6,5,4,0,no,yes,no,no,no,yes,chartered
30.5,2.72,26.7,3,5,3,yes,yes,yes,no,yes,yes,shared
50.0,13.13,40.0,1,3,0,yes,yes,no,no,no,yes,chartered
39.5,4.17,26.6,2,4,1,no,yes,no,no,no,yes,private
59.0,20.39,46.3,2,3,3,yes,no,no,yes,no,yes,shared
36.0,12.99,42.3,2,5,0,yes,no,no,no,no,no,shared
27.5,7.96,26.0,2,4,0,yes,yes,no,no,no,no,shared
39.5,13.2,38.5,3,3,0,yes,no,no,no,no,no,shared
6.0,0.99,14.9,2,5,0,yes,no,no,no,no,yes,shared
63.5,21.11,48.8,2,1,0,yes,yes,no,no,no,no,chartered
38.5,10.87,46.4,3,5,1,yes,no,no,no,yes,no,shared
43.5,17.33,40.4,2,1,0,yes,yes,no,yes,no,no,shared
30.5,2.28,12.7,1,2,0,yes,yes,no,no,no,no,private
40.5,10.96,38.2,3,5,0,yes,no,no,yes,no,yes,shared
49.5,11.05,36.6,3,4,3,yes,no,no,no,no,yes,chartered
70.0,20.66,60.5,4,5,3,no,no,no,no,yes,no,chartered
52.0,12.79,41.9,0,4,0,yes,no,yes,yes,no,no,chartered
45.0,10.68,40.2,3,4,0,no,no,no,no,no,yes,chartered
33.0,6.24,26.3,3,2,0,no,yes,no,no,no,yes,chartered
44.0,7.63,21.0,1,1,3,yes,yes,yes,yes,yes,yes,chartered
31.0,11.69,31.1,0,1,1,no,yes,no,no,no,yes,shared
36.0,9.94,23.3,3,2,2,no,yes,yes,no,no,no,shared
11.5,0.96,4.8,1,1,0,yes,yes,yes,no,no,no,shared
46.0,18.27,53.0,2,3,1,yes,no,no,no,no,yes,shared
54.0,19.77,59.0,2,4,0,yes,yes,no,no,yes,yes,shared
28.5,3.52,23.6,3,5,1,no,yes,no,no,yes,yes,shared
35.0,12.41,39.8,4,3,1,no,no,no,no,no,yes,shared
17.0,2.83,23.2,1,5,0,no,no,no,no,no,yes,shared
48.0,14.95,52.7,6,5,1,no,no,no,no,no,no,shared
37.0,6.55,30.6,2,5,1,yes,yes,no,no,yes,no,chartered
50.5,14.68,39.9,5,3,1,no,no,no,no,no,yes,chartered
55.0,16.13,42.8,2,2,0,yes,yes,yes,no,no,no,chartered
44.5,17.03,40.7,2,5,0,no,no,no,no,no,no,shared
42.5,2.82,13.7,2,2,3,yes,yes,yes,no,no,yes,private
55.0,20.19,38.8,0,3,0,yes,yes,no,no,no,no,chartered
16.0,5.45,8.1,2,1,0,no,no,no,no,no,no,shared
33.5,1.3,16.7,2,4,1,no,yes,no,no,no,no,private
37.5,12.43,41.3,0,4,0,yes,yes,no,no,no,yes,shared
38.0,8.47,17.0,1,1,0,yes,no,no,yes,yes,yes,chartered
63.5,18.34,43.5,2,2,1,yes,yes,yes,no,no,yes,chartered
47.5,17.88,53.8,0,3,1,no,no,no,no,no,yes,shared
36.0,7.32,23.2,1,3,1,yes,no,no,no,no,yes,chartered
61.5,20.99,70.1,1,5,0,yes,yes,no,yes,no,no,shared
20.0,6.75,20.8,2,2,1,yes,no,no,no,no,yes,shared
41.5,11.57,42.1,0,5,1,yes,yes,no,no,no,yes,shared
28.5,6.0,28.7,2,3,1,yes,no,yes,no,no,no,shared
60.5,20.62,60.9,2,5,0,yes,yes,no,yes,no,yes,shared
21.5,4.04,10.9,1,2,0,no,yes,no,no,no,yes,chartered
15.0,1.47,5.8,4,1,2,no,yes,yes,no,no,no,shared
32.0,9.85,24.5,2,1,1,no,no,no,no,yes,yes,shared
63.0,21.84,48.6,1,2,2,yes,no,no,yes,no,yes,chartered
50.5,19.67,57.3,2,5,0,yes,no,no,no,no,no,shared
43.5,16.6,36.6,3,1,3,no,no,no,no,yes,yes,shared
63.0,19.65,52.9,2,2,0,no,no,yes,no,no,yes,chartered
72.5,19.71,46.5,2,1,1,yes,no,no,yes,yes,yes,private
27.5,11.66,39.5,0,5,0,no,no,no,no,no,no,shared
31.0,7.29,27.6,1,4,3,no,no,yes,no,no,yes,shared
53.0,17.1,50.5,1,4,0,no,no,no,no,no,no,chartered
65.0,14.73,46.9,4,4,2,no,no,yes,no,no,yes,private
25.0,8.53,26.8,2,4,0,yes,no,no,no,no,no,shared
21.5,2.53,13.4,5,4,2,yes,yes,yes,no,no,yes,shared
43.5,16.56,43.9,3,1,1,yes,no,no,yes,no,yes,shared
34.0,6.14,26.9,1,5,0,yes,yes,no,no,no,yes,chartered
68.5,20.64,51.7,1,4,0,no,no,no,yes,no,no,private
34.5,5.68,26.3,4,4,1,yes,no,no,no,no,yes,chartered
14.5,3.14,14.8,3,2,0,yes,no,no,no,no,yes,shared
56.0,18.37,49.3,1,5,0,no,no,no,no,no,yes,chartered
26.5,3.8,15.3,3,2,1,no,no,no,yes,no,yes,chartered
25.5,4.35,15.5,2,1,0,no,yes,no,yes,no,no,shared
47.5,13.39,46.0,3,5,0,yes,no,no,no,no,yes,chartered
47.5,19.3,51.0,2,2,1,no,no,no,no,no,yes,shared
29.0,4.72,7.8,2,1,1,yes,yes,no,no,no,yes,shared
42.5,7.17,29.1,2,4,2,yes,yes,no,yes,no,yes,chartered
48.0,17.21,42.7,3,2,3,yes,yes,no,yes,no,yes,shared
78.0,21.39,60.1,3,5,0,yes,no,no,yes,no,yes,private
29.5,11.27,37.3,2,3,0,no,no,no,no,no,yes,shared
19.5,3.59,16.8,1,1,0,yes,no,no,no,yes,no,shared
19.5,0.8,23.9,0,5,3,yes,no,no,no,yes,yes,shared
21.0,5.44,26.2,1,3,1,no,no,yes,no,no,no,shared
18.5,3.33,12.9,2,2,0,no,no,no,no,no,yes,shared
54.0,15.07,46.6,1,4,1,yes,no,no,no,no,yes,chartered
18.5,3.12,18.9,3,3,0,no,no,no,no,no,yes,shared
36.5,11.39,28.5,0,1,0,no,yes,no,no,yes,yes,shared
50.0,15.43,46.5,1,4,2,no,no,no,no,no,no,chartered
37.5,12.99,40.9,2,3,1,no,no,no,no,no,no,shared
35.0,4.8,22.3,2,4,2,no,no,no,yes,no,no,chartered
47.5,17.79,51.2,2,5,1,no,no,no,no,no,no,shared
56.0,15.88,45.3,0,4,2,yes,no,no,yes,yes,yes,shared
61.0,16.39,50.6,2,4,1,yes,yes,no,no,no,yes,chartered
28.0,3.32,13.3,2,2,0,yes,no,yes,yes,no,no,chartered
33.0,3.16,14.3,4,2,0,no,yes,no,yes,yes,yes,chartered
57.0,20.44,56.6,2,3,2,yes,no,no,yes,no,yes,shared
30.5,9.05,33.4,2,5,0,no,yes,no,no,yes,no,shared
36.0,6.97,27.4,2,3,0,yes,no,no,no,yes,no,chartered
40.5,11.0,31.7,3,2,0,yes,no,no,no,no,no,chartered
50.5,14.75,39.5,0,4,0,yes,yes,no,no,no,yes,chartered
67.0,21.05,67.1,2,5,1,yes,no,no,no,no,no,chartered
36.5,6.66,27.6,0,5,0,yes,no,yes,no,no,yes,chartered
56.0,20.38,44.2,4,2,1,yes,no,no,yes,no,yes,shared
32.0,1.03,10.1,3,4,3,no,yes,no,no,yes,yes,chartered
37.0,12.44,32.3,4,3,0,yes,yes,no,no,no,no,shared
33.0,14.13,40.3,1,3,0,yes,no,no,no,no,no,shared
26.0,2.78,11.0,1,2,0,yes,no,no,no,no,no,chartered
14.5,3.52,9.4,1,1,2,yes,no,no,no,no,yes,shared
32.5,9.51,29.4,2,2,0,yes,yes,no,yes,no,yes,shared
76.5,21.27,57.2,2,3,1,no,no,yes,no,yes,yes,private
46.0,13.31,45.5,3,5,0,no,no,no,no,no,no,chartered
64.5,20.56,61.9,2,5,2,yes,yes,no,no,no,yes,shared
64.5,17.79,44.6,1,1,0,yes,no,no,no,no,yes,private
43.5,10.55,26.8,2,4,1,yes,yes,yes,yes,yes,no,shared
60.0,17.37,39.8,6,1,0,yes,no,no,yes,yes,yes,chartered
14.5,0.88,5.2,1,4,3,no,no,no,yes,no,no,shared
19.5,2.85,12.4,1,2,0,yes,no,no,yes,yes,yes,shared
50.0,18.33,49.3,1,3,0,no,no,no,yes,yes,no,shared
51.5,17.63,55.0,2,4,0,yes,yes,no,no,no,yes,shared
21.5,5.5,25.9,0,3,0,yes,yes,no,no,no,yes,shared
42.5,11.91,42.0,1,5,0,yes,yes,yes,no,no,yes,shared
47.5,13.53,36.8,0,3,1,yes,no,no,no,no,yes,chartered
53.0,19.16,59.1,1,5,0,no,no,no,yes,no,no,shared
42.0,13.47,39.5,2,4,0,yes,yes,yes,no,no,yes,shared
51.0,9.37,26.6,1,2,2,no,yes,no,yes,no,yes,private
34.5,8.54,34.7,0,4,0,no,yes,no,no,no,no,chartered
50.0,9.66,28.0,4,3,0,yes,no,yes,yes,no,yes,private
37.0,14.52,44.2,2,3,0,yes,no,no,no,no,no,shared
48.5,19.15,47.8,6,1,1,yes,no,yes,no,no,no,shared
39.5,10.26,21.8,1,1,0,yes,no,no,no,no,yes,chartered
28.5,5.83,25.7,2,3,0,no,yes,no,no,no,no,chartered
16.0,5.59,18.1,1,1,0,yes,no,no,no,no,yes,shared
71.0,16.54,51.8,4,5,2,no,no,no,yes,no,yes,private
59.0,18.06,51.7,1,5,0,yes,yes,no,no,no,yes,chartered
24.0,2.76,14.6,0,4,2,yes,no,no,no,no,no,chartered
13.5,1.93,14.1,1,4,3,no,yes,no,no,no,no,shared
51.0,13.28,40.4,3,3,1,yes,no,no,no,no,yes,chartered
16.5,3.64,7.2,2,1,0,no,no,yes,no,no,no,shared
70.5,18.23,47.9,2,2,2,yes,no,yes,no,no,yes,private
25.0,7.17,19.8,1,3,3,no,no,no,no,no,no,shared
25.0,3.59,22.1,2,5,0,no,yes,no,yes,yes,no,shared
53.0,20.3,51.1,5,2,3,no,no,no,yes,no,no,shared
32.0,4.06,27.7,1,3,3,yes,no,yes,yes,no,no,chartered
38.5,6.62,15.1,2,2,0,no,no,no,no,no,no,private
39.0,3.8,17.2,2,1,0,yes,no,yes,yes,no,yes,private
28.0,2.98,10.2,2,1,2,no,yes,no,yes,yes,no,chartered
27.0,0.95,9.7,2,2,0,yes,no,no,yes,no,no,private
17.5,1.69,7.2,1,1,1,yes,no,no,no,no,no,chartered
19.0,4.25,14.1,1,1,0,yes,yes,yes,yes,no,yes,shared
27.0,1.65,9.0,3,2,1,yes,no,no,yes,yes,no,chartered
36.0,13.21,40.9,3,2,0,yes,no,no,no,no,yes,shared
42.0,15.14,40.5,0,3,0,no,no,no,yes,yes,yes,shared
23.0,8.96,27.2,5,1,0,yes,no,no,no,no,yes,shared
16.0,7.34,19.6,0,2,0,no,no,no,no,no,yes,shared
52.5,11.35,33.7,3,3,1,yes,no,no,no,yes,no,private
76.5,19.31,53.2,2,5,0,no,yes,yes,no,yes,yes,private
47.5,18.8,55.2,3,4,2,no,no,no,no,no,no,shared
30.0,1.43,23.9,0,5,1,yes,no,yes,yes,no,no,chartered
16.0,4.4,15.4,3,2,0,no,no,no,no,no,yes,shared
25.5,5.59,20.5,3,3,3,no,no,no,yes,no,no,shared
24.5,5.86,17.4,1,3,1,no,no,yes,yes,no,yes,shared
38.5,12.78,42.2,2,5,1,yes,no,yes,no,no,no,shared
34.0,9.45,29.4,1,5,0,yes,no,yes,yes,no,no,shared
14.5,1.56,14.8,1,5,1,no,no,yes,yes,no,yes,shared
29.5,8.53,31.7,2,4,1,yes,no,no,no,no,no,shared
37.0,11.76,40.1,3,3,3,no,yes,no,no,no,yes,shared
43.0,2.69,26.2,5,3,1,yes,no,yes,yes,no,yes,private
50.5,18.42,53.2,4,5,1,no,no,no,yes,no,no,shared
16.5,1.62,15.3,1,2,0,yes,no,no,yes,no,yes,shared
49.5,20.38,51.8,5,2,0,yes,no,no,yes,no,no,shared
18.0,2.63,20.2,3,5,0,no,no,no,no,yes,yes,shared
50.0,18.64,48.7,1,2,3,no,no,no,no,no,yes,shared
56.0,19.91,50.0,3,2,2,no,yes,no,no,no,no,shared
68.0,21.56,56.9,2,3,0,no,no,no,no,no,yes,chartered
57.0,17.74,43.4,0,2,1,yes,no,no,no,yes,no,chartered
65.0,17.26,47.4,3,5,0,yes,yes,no,no,no,yes,chartered
53.0,14.31,40.3,3,5,0,yes,yes,no,yes,no,no,chartered
49.0,17.25,46.6,1,2,1,yes,no,no,yes,no,no,shared
13.5,3.39,15.4,1,3,1,yes,no,no,no,no,yes,shared
39.0,12.03,39.1,0,5,3,no,no,no,no,no,yes,shared
35.0,11.56,37.5,4,4,2,yes,yes,no,yes,no,yes,shared
43.5,18.94,50.8,2,2,0,yes,no,no,no,no,no,shared
35.5,10.45,32.7,4,3,2,yes,no,no,no,no,yes,shared
36.5,8.78,28.7,1,4,1,yes,no,no,yes,no,yes,chartered
42.5,14.25,48.3,1,4,2,yes,no,no,no,no,no,shared
24.0,6.23,23.0,1,1,0,no,yes,no,no,no,yes,shared
23.5,3.51,15.7,2,2,0,yes,no,no,no,no,yes,chartered
39.5,10.77,42.6,0,5,0,yes,yes,no,yes,yes,yes,shared
44.0,9.46,31.8,1,2,3,no,no,no,yes,yes,yes,chartered
37.5,5.5,22.6,2,2,0,yes,yes,yes,no,no,no,private
42.0,8.4,26.9,1,2,3,no,no,no,no,no,no,private
33.0,8.38,23.8,2,1,2,yes,yes,yes,yes,no,no,shared
21.5,7.54,21.7,1,1,0,yes,no,no,yes,no,no,shared
46.5,8.66,20.7,3,2,3,yes,no,yes,no,no,yes,chartered
50.0,15.24,51.3,1,5,0,no,no,no,no,no,yes,chartered
34.5,6.88,12.7,1,1,0,yes,yes,no,no,no,no,chartered
51.0,20.9,48.8,3,2,1,yes,yes,no,no,no,no,shared
49.0,20.2,52.7,2,1,0,yes,no,no,no,no,no,shared
34.0,10.84,36.2,0,3,0,no,no,no,no,no,yes,shared
26.5,7.56,28.6,0,2,0,no,no,no,yes,no,no,shared
36.5,12.01,37.3,2,4,1,yes,no,yes,no,no,no,shared
64.0,18.74,45.6,3,3,0,no,no,no,no,no,no,private
41.5,14.53,43.0,2,4,0,no,no,no,yes,no,no,shared
62.5,17.79,51.5,0,4,1,yes,yes,no,no,yes,yes,chartered
57.5,11.95,35.6,4,3,1,yes,no,yes,no,no,yes,private
50.5,14.11,50.6,2,5,1,yes,no,no,yes,no,yes,shared
27.0,6.7,22.3,2,3,0,no,no,no,no,yes,yes,shared
56.5,16.3,52.3,1,5,1,yes,no,no,no,no,no,chartered
24.5,4.85,21.7,1,5,2,yes,no,no,no,no,yes,shared
40.0,15.44,44.8,1,3,0,yes,no,yes,no,no,yes,shared
62.0,19.01,53.8,3,4,0,yes,no,no,no,no,yes,chartered
20.5,3.34,10.3,0,2,1,no,yes,no,no,no,no,chartered
48.0,13.71,44.2,0,5,1,yes,no,no,no,no,yes,chartered
37.5,2.54,16.9,2,4,0,no,no,no,no,no,yes,private
43.5,16.1,49.3,1,5,1,yes,no,no,no,no,no,shared
21.5,2.32,18.2,3,2,0,yes,no,no,no,no,yes,chartered
71.0,20.62,57.0,3,4,1,yes,yes,no,no,no,yes,chartered
26.0,3.45,15.6,0,3,3,no,yes,no,no,no,yes,chartered
64.0,21.12,41.1,6,1,1,yes,yes,no,yes,no,no,chartered
57.0,17.72,38.4,2,1,2,yes,no,no,no,no,no,chartered
55.0,13.26,37.1,5,3,0,no,yes,no,no,no,no,private
41.5,17.33,41.4,0,2,3,yes,no,no,no,no,yes,shared
58.5,17.59,47.2,1,1,2,yes,no,yes,no,no,no,chartered
55.5,20.84,54.2,0,3,3,yes,no,yes,no,no,no,shared
42.5,5.95,30.2,1,4,2,no,yes,no,yes,no,yes,chartered
46.5,13.19,35.3,2,2,1,yes,no,no,yes,no,yes,chartered
33.0,2.54,20.7,2,5,1,yes,yes,no,no,no,yes,chartered
47.5,13.75,41.9,5,4,3,yes,no,no,no,no,no,shared
20.0,4.18,18.2,3,3,2,yes,yes,no,no,no,yes,shared
45.0,12.65,49.7,4,5,0,yes,yes,yes,no,no,yes,shared
43.5,12.81,27.9,1,3,0,yes,yes,yes,no,yes,no,shared
23.5,10.52,18.1,2,1,0,yes,no,no,no,no,no,shared
49.5,11.74,26.7,3,1,0,yes,yes,no,no,no,no,private
45.0,16.92,52.3,4,5,0,no,no,no,no,no,no,shared
67.5,17.68,56.7,1,5,0,yes,no,yes,no,no,yes,private
35.5,11.08,38.3,2,4,0,yes,no,yes,no,no,no,shared
48.5,13.39,30.9,1,1,3,no,yes,no,no,no,yes,chartered
65.0,20.52,55.2,1,2,0,no,yes,no,yes,no,yes,chartered
22.5,3.07,13.9,4,1,1,no,no,no,yes,no,no,chartered
26.0,3.02,10.4,4,1,0,yes,yes,no,yes,no,yes,chartered
21.5,2.39,15.1,0,2,0,yes,no,no,no,no,yes,chartered
55.5,14.64,42.3,1,3,1,yes,no,no,no,no,no,private
38.0,9.5,21.7,3,1,3,yes,no,no,no,no,yes,chartered
59.5,17.15,55.5,0,5,2,yes,yes,yes,no,yes,yes,shared
38.5,14.93,42.3,2,3,3,yes,no,no,yes,no,no,shared
33.0,7.67,22.9,2,2,1,yes,yes,no,no,no,no,chartered
51.0,19.81,58.5,3,3,1,yes,no,no,no,no,no,shared
49.5,16.89,39.4,4,4,0,yes,yes,no,no,yes,yes,shared
37.0,6.32,14.2,2,2,2,yes,no,no,yes,no,no,chartered
28.0,8.33,16.6,4,1,2,no,no,no,no,yes,no,shared
34.5,7.26,17.5,5,1,0,no,yes,no,no,no,yes,chartered
31.0,3.89,22.5,0,5,0,yes,yes,no,yes,no,yes,chartered
25.0,3.68,5.1,0,1,1,yes,yes,no,no,no,yes,chartered
61.5,20.63,53.4,2,4,0,yes,yes,no,no,no,yes,chartered
48.0,9.91,24.4,1,2,2,yes,yes,no,no,no,yes,private
34.0,8.74,41.1,1,4,0,no,no,no,no,no,no,chartered
62.0,16.19,45.8,2,1,0,yes,no,no,yes,yes,no,private
35.0,12.39,40.6,2,5,0,yes,yes,yes,no,no,yes,shared
62.0,20.63,55.9,5,4,2,yes,no,no,no,no,no,chartered
63.5,17.28,42.4,0,3,0,yes,yes,yes,no,no,yes,chartered
39.0,10.81,22.1,4,2,1,yes,no,yes,yes,no,yes,shared
36.5,8.59,33.4,2,5,2,yes,yes,no,no,no,no,shared
68.5,21.71,49.8,1,2,0,no,no,yes,no,no,yes,chartered
51.5,15.93,43.7,3,3,2,yes,no,no,yes,yes,no,shared
70.5,20.95,45.7,1,2,0,yes,yes,no,yes,no,yes,private
17.0,3.05,9.7,4,2,1,yes,yes,no,yes,no,yes,shared
52.0,18.79,50.9,1,3,0,yes,no,no,no,no,yes,shared
50.0,14.2,35.7,1,1,0,yes,no,no,no,yes,yes,chartered
20.0,3.12,11.5,0,1,2,yes,no,no,no,no,no,shared
34.0,13.15,29.6,4,2,2,no,no,no,no,no,no,shared
57.0,15.25,40.0,1,1,3,yes,no,no,no,no,yes,chartered
9.5,0.76,7.5,0,3,1,yes,no,no,no,no,yes,shared
39.0,10.27,40.1,2,5,1,yes,no,no,yes,no,no,shared
64.0,18.25,43.1,4,1,0,yes,no,yes,yes,no,no,chartered
26.5,6.85,12.6,2,1,0,yes,no,no,no,no,yes,chartered
38.0,10.36,24.5,1,1,1,no,yes,no,no,no,yes,chartered
29.5,10.01,32.5,1,3,0,yes,no,yes,no,no,yes,shared
22.0,6.99,23.8,1,2,1,yes,yes,no,no,no,yes,shared
72.0,20.25,53.0,2,3,0,no,yes,no,no,no,yes,private
56.5,17.3,47.2,3,1,1,yes,no,no,yes,no,yes,chartered
23.5,2.88,16.4,1,2,0,yes,yes,yes,no,yes,yes,shared
74.0,21.94,56.2,2,3,0,yes,yes,yes,yes,no,yes,chartered
47.5,19.4,54.7,4,3,0,no,yes,no,no,no,yes,shared
37.0,6.6,31.3,2,3,1,yes,no,no,no,no,no,chartered
60.0,18.49,60.5,1,4,0,no,no,no,no,yes,no,chartered
35.5,2.79,10.2,2,3,0,no,yes,no,yes,no,yes,private
79.5,21.98,59.6,4,5,1,no,yes,no,no,no,yes,private
47.0,14.81,47.5,1,3,0,no,no,yes,no,no,yes,shared
46.0,14.48,33.6,5,2,0,no,no,no,no,no,no,chartered
12.0,2.44,6.1,3,2,0,no,yes,no,yes,yes,no,shared
58.5,19.79,47.6,1,2,1,no,no,no,no,no,yes,chartered
25.5,1.12,13.1,1,3,3,no,no,no,no,yes,no,chartered
17.5,5.68,18.1,4,2,0,no,yes,no,no,no,no,shared
16.0,3.57,20.3,1,5,0,no,no,no,no,no,no,shared
48.0,17.2,44.1,2,3,0,yes,no,no,no,yes,yes,shared
17.5,4.76,22.6,3,5,0,yes,no,no,no,no,yes,shared
61.0,20.08,52.7,6,4,2,yes,no,no,no,yes,no,shared
59.0,14.61,47.3,4,2,0,no,no,no,no,yes,yes,private
8.0,1.28,10.0,1,2,1,yes,no,no,no,no,no,shared
20.5,0.62,16.9,2,4,3,no,no,no,no,no,no,chartered
28.5,1.61,7.6,1,2,3,no,no,yes,no,no,yes,chartered
48.0,13.53,35.0,3,2,1,no,no,no,yes,no,yes,chartered
52.5,17.73,51.2,3,5,1,yes,no,no,yes,no,yes,shared
36.5,5.63,10.8,2,3,3,no,no,no,no,no,yes,private
63.5,18.76,38.8,4,1,2,no,yes,no,no,yes,no,chartered
25.0,1.73,5.6,2,3,0,no,yes,no,no,no,no,chartered
66.5,17.72,39.0,2,3,0,no,no,no,no,yes,yes,private
64.0,20.45,55.2,2,5,0,yes,no,no,no,no,no,chartered
56.5,17.1,54.9,6,4,3,yes,yes,no,no,no,yes,shared
50.5,15.51,36.9,1,1,1,yes,no,no,no,no,no,private
48.0,18.52,48.9,3,1,0,no,yes,no,yes,no,yes,shared
24.0,1.36,16.6,3,4,0,yes,no,yes,no,no,no,chartered
14.5,4.84,16.8,2,1,0,no,no,no,yes,no,no,shared
14.5,3.19,9.4,3,2,2,no,yes,no,no,no,yes,shared
24.0,11.35,30.1,1,1,1,yes,no,no,no,no,no,shared
41.5,16.52,42.3,1,1,3,yes,yes,no,no,no,no,shared
62.0,14.05,43.6,1,5,0,yes,no,no,yes,yes,yes,private
48.0,18.8,46.6,3,1,1,no,yes,no,no,no,no,shared
22.0,3.84,13.7,1,1,0,yes,no,no,yes,no,no,chartered
47.5,16.29,48.6,2,5,3,yes,no,no,no,no,no,shared
35.0,4.65,8.7,2,1,1,no,yes,no,yes,no,yes,private
32.5,6.32,24.2,2,5,1,yes,yes,yes,no,no,no,shared
42.0,15.76,38.0,1,1,0,no,yes,yes,no,no,no,shared
57.5,21.57,51.8,1,1,0,yes,no,yes,yes,no,no,shared
57.0,13.65,29.9,2,1,3,yes,no,yes,yes,yes,yes,chartered
27.0,1.67,15.8,2,4,1,yes,no,no,no,no,yes,private
57.5,13.75,44.5,2,4,1,yes,no,no,yes,no,no,private
10.0,1.41,14.6,1,3,0,yes,no,no,yes,no,yes,shared
47.5,19.51,55.1,0,2,0,no,no,no,no,no,yes,shared
41.0,15.76,42.8,3,1,2,yes,no,no,no,no,yes,shared
19.0,4.22,14.3,6,3,0,yes,no,no,no,no,no,shared
21.5,2.47,18.2,1,2,0,yes,no,yes,no,no,yes,chartered
18.0,4.45,16.7,1,3,2,yes,no,no,no,no,no,shared
70.0,21.57,63.6,5,4,0,no,no,yes,no,no,no,chartered
53.5,10.36,38.1,2,5,0,yes,yes,no,no,no,no,private
44.5,17.36,45.5,3,3,1,no,yes,no,no,no,no,shared
35.0,14.18,27.0,1,1,0,yes,no,no,no,no,yes,shared
39.0,12.81,33.5,0,2,0,yes,yes,no,no,yes,no,shared
24.5,3.62,16.7,0,5,0,yes,no,yes,no,no,yes,shared
57.0,20.84,58.7,2,3,0,yes,no,yes,yes,yes,no,shared
32.5,6.98,33.4,4,4,0,no,no,no,no,no,yes,chartered
49.0,12.93,34.3,1,3,1,yes,no,no,yes,yes,no,shared
50.5,15.55,38.4,5,1,0,yes,yes,no,no,no,no,chartered
57.5,14.46,43.9,4,5,0,no,no,yes,yes,no,yes,private
69.0,20.72,55.1,1,4,0,yes,yes,no,no,no,no,private
20.5,3.69,26.2,1,5,1,no,no,no,no,no,yes,chartered
37.0,11.43,40.0,1,5,2,no,no,no,no,no,yes,shared
31.0,9.19,33.2,1,2,0,no,no,no,yes,no,yes,shared
32.0,10.69,27.6,2,2,0,no,no,no,yes,yes,yes,shared
26.0,3.06,16.7,0,2,0,no,no,no,no,no,no,private
42.5,3.38,22.8,2,5,1,yes,no,yes,yes,no,no,private
17.0,6.48,26.4,2,3,0,no,no,no,no,no,yes,shared
24.5,7.05,22.7,1,3,3,yes,no,no,no,yes,no,shared
36.0,9.7,36.1,4,5,2,no,yes,no,yes,no,no,shared
36.5,13.64,41.5,2,4,0,no,yes,no,no,no,no,shared
64.0,14.14,42.8,3,5,3,yes,no,no,no,yes,yes,private
30.0,9.35,38.2,2,5,0,no,yes,no,yes,no,no,shared
25.5,9.29,26.0,1,1,0,no,no,no,no,no,yes,shared
22.5,5.18,19.8,3,2,3,yes,no,no,yes,no,no,shared
41.5,13.15,47.1,1,4,3,yes,no,no,no,no,no,shared
28.0,7.32,36.9,1,5,0,no,yes,no,no,no,no,shared
26.0,1.28,4.3,2,1,1,no,no,no,no,no,yes,private
26.0,9.5,28.4,2,2,0,yes,yes,no,no,no,yes,shared
45.0,10.69,30.0,5,3,1,yes,no,no,yes,no,no,chartered
20.5,5.35,23.9,2,4,1,no,no,no,no,no,yes,shared
38.0,12.81,28.8,0,1,1,yes,yes,yes,no,no,yes,shared
46.5,12.66,46.3,1,4,1,yes,yes,no,no,yes,no,shared
41.5,15.59,41.8,3,2,1,yes,yes,no,no,no,no,shared
43.0,14.43,36.9,2,2,1,yes,no,no,no,no,yes,shared
46.0,14.53,45.7,1,3,2,yes,no,no,no,no,yes,shared
34.5,7.3,16.4,1,3,0,no,yes,no,no,no,no,chartered
59.0,17.43,42.3,2,4,1,yes,yes,yes,no,no,yes,chartered
42.5,12.31,36.3,1,2,0,no,no,no,no,no,yes,private
39.0,9.78,36.8,2,5,1,yes,yes,no,no,no,yes,shared
45.5,13.96,34.7,1,1,0,yes,no,no,no,no,yes,chartered
35.5,8.25,27.8,1,5,0,yes,no,no,yes,no,no,chartered
36.5,11.52,28.3,0,1,3,yes,no,no,no,no,yes,shared
45.5,16.34,56.0,2,4,0,yes,no,no,yes,no,yes,shared
49.5,19.56,52.3,2,2,1,yes,no,no,no,no,yes,shared
65.0,20.3,51.3,2,2,1,yes,no,no,yes,no,yes,chartered
33.0,11.33,26.2,3,1,1,yes,yes,no,yes,no,yes,shared
39.5,11.69,36.1,4,4,0,no,yes,no,no,yes,no,shared
61.5,17.7,33.4,3,1,0,yes,no,no,no,no,no,private
28.5,7.26,29.0,3,4,0,no,yes,no,no,no,yes,shared
69.0,18.5,56.1,2,4,0,no,no,no,no,no,yes,private
53.0,11.12,33.2,2,5,0,yes,no,no,yes,yes,yes,chartered
25.0,2.99,15.9,1,4,0,yes,no,no,no,no,yes,chartered
16.5,2.05,5.9,0,2,0,yes,yes,yes,no,no,no,chartered
48.0,18.6,49.1,3,4,2,yes,no,no,no,no,yes,shared
26.0,1.69,18.9,2,5,1,yes,no,no,no,no,no,chartered
29.0,6.53,12.0,4,2,0,yes,yes,no,yes,no,no,chartered
31.5,7.68,22.4,0,1,1,yes,no,no,no,no,yes,chartered
22.5,4.22,27.3,1,5,0,yes,no,yes,no,no,no,shared
27.5,7.25,17.9,3,1,0,no,no,no,yes,no,yes,shared
39.0,16.47,35.3,1,3,0,no,no,no,no,no,yes,shared
10.5,0.82,3.8,4,2,0,no,yes,yes,no,no,no,shared
61.0,18.28,48.1,1,1,0,yes,no,no,yes,yes,yes,chartered
59.0,18.92,42.5,3,4,1,yes,no,no,no,no,no,chartered
36.0,8.5,20.3,0,1,1,yes,yes,no,yes,no,no,chartered
36.0,3.8,15.6,4,4,0,no,no,no,yes,yes,yes,chartered
38.5,13.42,44.7,2,4,1,yes,yes,no,no,no,no,shared
19.0,3.07,7.1,1,1,2,yes,yes,no,yes,no,yes,shared
27.5,8.35,23.0,1,1,2,yes,no,no,yes,no,no,shared
56.5,21.11,60.7,2,4,1,no,yes,no,no,no,yes,shared
63.5,21.9,64.5,5,3,1,yes,no,no,yes,no,yes,shared
47.0,17.1,39.8,3,1,1,yes,yes,no,no,no,yes,shared
30.0,7.19,32.3,1,5,0,yes,no,yes,no,no,no,shared
58.0,15.28,33.7,1,2,1,yes,yes,no,yes,yes,yes,chartered
39.5,15.67,42.2,1,1,0,yes,no,no,no,no,no,shared
39.5,8.84,31.4,3,5,3,yes,yes,no,yes,yes,yes,shared
39.0,14.28,32.2,3,1,0,yes,no,no,no,yes,yes,shared
29.0,0.73,10.5,2,3,2,no,yes,no,yes,no,yes,chartered
38.0,4.99,19.7,2,5,3,yes,yes,no,no,no,yes,chartered
31.0,11.79,35.9,1,3,1,no,no,no,yes,no,no,shared
21.5,4.02,21.7,2,3,3,yes,no,no,no,no,yes,shared
25.0,4.07,16.1,0,2,1,no,no,no,yes,no,no,private
56.5,18.48,37.3,4,1,0,yes,yes,no,yes,no,no,chartered
73.5,21.77,56.4,3,3,0,no,yes,no,no,yes,yes,chartered
36.0,12.45,45.4,1,5,0,yes,no,no,no,no,no,shared
55.5,18.54,36.3,3,1,3,no,no,no,no,no,no,chartered
71.0,21.79,58.6,1,5,1,yes,yes,yes,yes,no,no,private
17.0,3.54,20.3,3,3,0,no,no,no,yes,no,yes,shared
